timestamp,actual,predicted,error
2024-03-01 05:00:00,0.0,0,0.0
2024-03-01 05:05:00,0.0,0,0.0
2024-03-01 05:10:00,4.0,0,4.0
2024-03-01 05:15:00,8.0,1,7.0
2024-03-01 05:20:00,12.0,3,9.0
2024-03-01 05:25:00,14.0,5,9.0
2024-03-01 05:30:00,14.0,6,8.0
2024-03-01 05:35:00,20.0,8,12.0
2024-03-01 05:40:00,20.0,9,11.0
2024-03-01 05:45:00,33.0,10,23.0
2024-03-01 05:50:00,36.0,12,24.0
2024-03-01 05:55:00,44.0,15,29.0
2024-03-01 06:00:00,49.0,17,32.0
2024-03-01 06:05:00,62.0,20,42.0
2024-03-01 06:10:00,66.0,22,44.0
2024-03-01 06:15:00,77.0,26,51.0
2024-03-01 06:20:00,75.0,29,46.0
2024-03-01 06:25:00,82.0,31,51.0
2024-03-01 06:30:00,88.0,34,54.0
2024-03-01 06:35:00,95.0,37,58.0
2024-03-01 06:40:00,102.0,40,62.0
2024-03-01 06:45:00,101.0,43,58.0
2024-03-01 06:50:00,103.0,45,58.0
2024-03-01 06:55:00,104.0,47,57.0
2024-03-01 07:00:00,107.0,49,58.0
2024-03-01 07:05:00,93.0,51,42.0
2024-03-01 07:10:00,112.0,53,59.0
2024-03-01 07:15:00,101.0,55,46.0
2024-03-01 07:20:00,111.0,57,54.0
2024-03-01 07:25:00,107.0,59,48.0
2024-03-01 07:30:00,109.0,60,49.0
2024-03-01 07:35:00,100.0,62,38.0
2024-03-01 07:40:00,103.0,6,97.0
2024-03-01 07:45:00,104.0,99,5.0
2024-03-01 07:50:00,113.0,100,13.0
2024-03-01 07:55:00,110.0,96,14.0
2024-03-01 08:00:00,116.0,108,8.0
2024-03-01 08:05:00,124.0,110,14.0
2024-03-01 08:10:00,107.0,113,6.0
2024-03-01 08:15:00,128.0,112,16.0
2024-03-01 08:20:00,119.0,114,5.0
2024-03-01 08:25:00,122.0,115,7.0
2024-03-01 08:30:00,115.0,115,0.0
2024-03-01 08:35:00,120.0,115,5.0
2024-03-01 08:40:00,121.0,116,5.0
2024-03-01 08:45:00,114.0,116,2.0
2024-03-01 08:50:00,115.0,116,1.0
2024-03-01 08:55:00,109.0,116,7.0
2024-03-01 09:00:00,108.0,116,8.0
2024-03-01 09:05:00,106.0,115,9.0
2024-03-01 09:10:00,99.0,115,16.0
2024-03-01 09:15:00,78.0,114,36.0
2024-03-01 09:20:00,77.0,112,35.0
2024-03-01 09:25:00,76.0,110,34.0
2024-03-01 09:30:00,80.0,109,29.0
2024-03-01 09:35:00,73.0,107,34.0
2024-03-01 09:40:00,66.0,106,40.0
2024-03-01 09:45:00,65.0,105,40.0
2024-03-01 09:50:00,50.0,103,53.0
2024-03-01 09:55:00,52.0,101,49.0
2024-03-01 10:00:00,47.0,100,53.0
2024-03-01 10:05:00,46.0,98,52.0
2024-03-01 10:10:00,46.0,96,50.0
2024-03-01 10:15:00,44.0,85,41.0
2024-03-01 10:20:00,47.0,88,41.0
2024-03-01 10:25:00,44.0,66,22.0
2024-03-01 10:30:00,41.0,63,22.0
2024-03-01 10:35:00,41.0,56,15.0
2024-03-01 10:40:00,37.0,58,21.0
2024-03-01 10:45:00,34.0,48,14.0
2024-03-01 10:50:00,36.0,49,13.0
2024-03-01 10:55:00,36.0,48,12.0
2024-03-01 11:00:00,33.0,47,14.0
2024-03-01 11:05:00,34.0,46,12.0
2024-03-01 11:10:00,34.0,45,11.0
2024-03-01 11:15:00,35.0,44,9.0
2024-03-01 11:20:00,34.0,44,10.0
2024-03-01 11:25:00,31.0,43,12.0
2024-03-01 11:30:00,33.0,42,9.0
2024-03-01 11:35:00,33.0,42,9.0
2024-03-01 11:40:00,34.0,41,7.0
2024-03-01 11:45:00,37.0,41,4.0
2024-03-01 11:50:00,39.0,41,2.0
2024-03-01 11:55:00,43.0,41,2.0
2024-03-01 12:00:00,41.0,41,0.0
2024-03-01 12:05:00,37.0,41,4.0
2024-03-01 12:10:00,35.0,41,6.0
2024-03-01 12:15:00,38.0,41,3.0
2024-03-01 12:20:00,37.0,41,4.0
2024-03-01 12:25:00,36.0,41,5.0
2024-03-01 12:30:00,36.0,36,0.0
2024-03-01 12:35:00,35.0,35,0.0
2024-03-01 12:40:00,35.0,34,1.0
2024-03-01 12:45:00,36.0,38,2.0
2024-03-01 12:50:00,33.0,33,0.0
2024-03-01 12:55:00,27.0,36,9.0
2024-03-01 13:00:00,34.0,32,2.0
2024-03-01 13:05:00,34.0,35,1.0
2024-03-01 13:10:00,42.0,24,18.0
2024-03-01 13:15:00,39.0,34,5.0
2024-03-01 13:20:00,41.0,38,3.0
2024-03-01 13:25:00,44.0,38,6.0
2024-03-01 13:30:00,41.0,39,2.0
2024-03-01 13:35:00,43.0,39,4.0
2024-03-01 13:40:00,45.0,40,5.0
2024-03-01 13:45:00,41.0,40,1.0
2024-03-01 13:50:00,46.0,36,10.0
2024-03-01 13:55:00,50.0,41,9.0
2024-03-01 14:00:00,46.0,42,4.0
2024-03-01 14:05:00,46.0,43,3.0
2024-03-01 14:10:00,43.0,43,0.0
2024-03-01 14:15:00,42.0,43,1.0
2024-03-01 14:20:00,40.0,43,3.0
2024-03-01 14:25:00,38.0,42,4.0
2024-03-01 14:30:00,40.0,42,2.0
2024-03-01 14:35:00,41.0,42,1.0
2024-03-01 14:40:00,41.0,42,1.0
2024-03-01 14:45:00,39.0,42,3.0
2024-03-01 14:50:00,37.0,42,5.0
2024-03-01 14:55:00,34.0,41,7.0
2024-03-01 15:00:00,31.0,41,10.0
2024-03-01 15:05:00,30.0,41,11.0
2024-03-01 15:10:00,29.0,40,11.0
2024-03-01 15:15:00,29.0,36,7.0
2024-03-01 15:20:00,30.0,38,8.0
2024-03-01 15:25:00,32.0,30,2.0
2024-03-01 15:30:00,33.0,33,0.0
2024-03-01 15:35:00,33.0,32,1.0
2024-03-01 15:40:00,30.0,36,6.0
2024-03-01 15:45:00,30.0,35,5.0
2024-03-01 15:50:00,29.0,35,6.0
2024-03-01 15:55:00,37.0,34,3.0
2024-03-01 16:00:00,37.0,31,6.0
2024-03-01 16:05:00,39.0,27,12.0
2024-03-01 16:10:00,35.0,32,3.0
2024-03-01 16:15:00,36.0,35,1.0
2024-03-01 16:20:00,36.0,35,1.0
2024-03-01 16:25:00,37.0,35,2.0
2024-03-01 16:30:00,36.0,35,1.0
2024-03-01 16:35:00,33.0,35,2.0
2024-03-01 16:40:00,35.0,35,0.0
2024-03-01 16:45:00,40.0,31,9.0
2024-03-01 16:50:00,38.0,36,2.0
2024-03-01 16:55:00,31.0,36,5.0
2024-03-01 17:00:00,31.0,35,4.0
2024-03-01 17:05:00,36.0,35,1.0
2024-03-01 17:10:00,41.0,35,6.0
2024-03-01 17:15:00,38.0,35,3.0
2024-03-01 17:20:00,40.0,35,5.0
2024-03-01 17:25:00,37.0,36,1.0
2024-03-01 17:30:00,37.0,36,1.0
2024-03-01 17:35:00,39.0,36,3.0
2024-03-01 17:40:00,43.0,36,7.0
2024-03-01 17:45:00,43.0,36,7.0
2024-03-01 17:50:00,46.0,37,9.0
2024-03-01 17:55:00,47.0,37,10.0
2024-03-01 18:00:00,48.0,34,14.0
2024-03-01 18:05:00,38.0,35,3.0
2024-03-01 18:10:00,35.0,35,0.0
2024-03-01 18:15:00,39.0,38,1.0
2024-03-01 18:20:00,42.0,38,4.0
2024-03-01 18:25:00,42.0,39,3.0
2024-03-01 18:30:00,43.0,39,4.0
2024-03-01 18:35:00,46.0,39,7.0
2024-03-01 18:40:00,42.0,40,2.0
2024-03-01 18:45:00,38.0,40,2.0
2024-03-01 18:50:00,38.0,39,1.0
2024-03-01 18:55:00,37.0,39,2.0
2024-03-01 19:00:00,39.0,39,0.0
2024-03-01 19:05:00,43.0,35,8.0
2024-03-01 19:10:00,42.0,40,2.0
2024-03-01 19:15:00,41.0,40,1.0
2024-03-01 19:20:00,35.0,40,5.0
2024-03-01 19:25:00,34.0,39,5.0
2024-03-01 19:30:00,33.0,39,6.0
2024-03-01 19:35:00,31.0,39,8.0
2024-03-01 19:40:00,31.0,39,8.0
2024-03-01 19:45:00,30.0,38,8.0
2024-03-01 19:50:00,29.0,38,9.0
2024-03-01 19:55:00,28.0,38,10.0
2024-03-01 20:00:00,23.0,37,14.0
2024-03-01 20:05:00,20.0,37,17.0
2024-03-01 20:10:00,19.0,36,17.0
2024-03-01 20:15:00,18.0,36,18.0
2024-03-01 20:20:00,18.0,36,18.0
2024-03-01 20:25:00,19.0,35,16.0
2024-03-01 20:30:00,15.0,35,20.0
2024-03-01 20:35:00,13.0,34,21.0
2024-03-01 20:40:00,12.0,34,22.0
2024-03-01 20:45:00,12.0,33,21.0
2024-03-01 20:50:00,9.0,33,24.0
2024-03-01 20:55:00,11.0,32,21.0
2024-03-01 21:00:00,12.0,32,20.0
2024-03-01 21:05:00,11.0,31,20.0
2024-03-01 21:10:00,10.0,31,21.0
2024-03-01 21:15:00,9.0,30,21.0
2024-03-01 21:20:00,8.0,30,22.0
2024-03-01 21:25:00,10.0,29,19.0
2024-03-01 21:30:00,10.0,29,19.0
2024-03-01 21:35:00,10.0,29,19.0
2024-03-01 21:40:00,9.0,28,19.0
2024-03-01 21:45:00,10.0,28,18.0
2024-03-01 21:50:00,12.0,28,16.0
2024-03-01 21:55:00,10.0,27,17.0
2024-03-01 22:00:00,9.0,27,18.0
2024-03-01 22:05:00,10.0,27,17.0
2024-03-01 22:10:00,10.0,27,17.0
2024-03-01 22:15:00,10.0,26,16.0
2024-03-01 22:20:00,10.0,26,16.0
2024-03-01 22:25:00,6.0,26,20.0
2024-03-01 22:30:00,6.0,26,20.0
2024-03-01 22:35:00,6.0,25,19.0
2024-03-01 22:40:00,6.0,25,19.0
2024-03-01 22:45:00,5.0,25,20.0
2024-03-01 22:50:00,3.0,24,21.0
2024-03-01 22:55:00,3.0,24,21.0
2024-03-01 23:00:00,3.0,24,21.0
2024-03-01 23:05:00,3.0,24,21.0
2024-03-01 23:10:00,3.0,23,20.0
2024-03-01 23:15:00,3.0,23,20.0
2024-03-01 23:20:00,2.0,23,21.0
2024-03-01 23:25:00,3.0,22,19.0
2024-03-01 23:30:00,3.0,22,19.0
2024-03-01 23:35:00,2.0,22,20.0
2024-03-01 23:40:00,1.0,22,21.0
2024-03-01 23:45:00,1.0,21,20.0
2024-03-01 23:50:00,1.0,21,20.0
2024-03-01 23:55:00,1.0,21,20.0
2024-03-02 00:00:00,1.0,0,1.0
2024-03-02 00:05:00,0.0,1,1.0
2024-03-02 00:10:00,0.0,0,0.0
2024-03-02 00:15:00,0.0,0,0.0
2024-03-02 00:20:00,0.0,0,0.0
2024-03-02 00:25:00,0.0,0,0.0
2024-03-02 00:30:00,0.0,0,0.0
2024-03-02 00:35:00,0.0,0,0.0
2024-03-02 00:40:00,0.0,0,0.0
2024-03-02 00:45:00,0.0,0,0.0
2024-03-02 00:50:00,0.0,0,0.0
2024-03-02 00:55:00,0.0,0,0.0
2024-03-02 05:00:00,0.0,0,0.0
2024-03-02 05:05:00,0.0,0,0.0
2024-03-02 05:10:00,0.0,0,0.0
2024-03-02 05:15:00,0.0,0,0.0
2024-03-02 05:20:00,1.0,0,1.0
2024-03-02 05:25:00,1.0,0,1.0
2024-03-02 05:30:00,3.0,0,3.0
2024-03-02 05:35:00,3.0,0,3.0
2024-03-02 05:40:00,9.0,0,9.0
2024-03-02 05:45:00,12.0,1,11.0
2024-03-02 05:50:00,13.0,1,12.0
2024-03-02 05:55:00,16.0,2,14.0
2024-03-02 06:00:00,16.0,2,14.0
2024-03-02 06:05:00,18.0,3,15.0
2024-03-02 06:10:00,23.0,3,20.0
2024-03-02 06:15:00,26.0,4,22.0
2024-03-02 06:20:00,27.0,5,22.0
2024-03-02 06:25:00,32.0,5,27.0
2024-03-02 06:30:00,30.0,9,21.0
2024-03-02 06:35:00,38.0,8,30.0
2024-03-02 06:40:00,37.0,17,20.0
2024-03-02 06:45:00,46.0,15,31.0
2024-03-02 06:50:00,49.0,24,25.0
2024-03-02 06:55:00,48.0,33,15.0
2024-03-02 07:00:00,50.0,42,8.0
2024-03-02 07:05:00,52.0,47,5.0
2024-03-02 07:10:00,52.0,48,4.0
2024-03-02 07:15:00,53.0,49,4.0
2024-03-02 07:20:00,59.0,49,10.0
2024-03-02 07:25:00,55.0,51,4.0
2024-03-02 07:30:00,60.0,51,9.0
2024-03-02 07:35:00,66.0,52,14.0
2024-03-02 07:40:00,63.0,53,10.0
2024-03-02 07:45:00,53.0,54,1.0
2024-03-02 07:50:00,56.0,54,2.0
2024-03-02 07:55:00,61.0,54,7.0
2024-03-02 08:00:00,63.0,54,9.0
2024-03-02 08:05:00,65.0,55,10.0
2024-03-02 08:10:00,64.0,55,9.0
2024-03-02 08:15:00,60.0,56,4.0
2024-03-02 08:20:00,62.0,56,6.0
2024-03-02 08:25:00,63.0,56,7.0
2024-03-02 08:30:00,63.0,57,6.0
2024-03-02 08:35:00,53.0,57,4.0
2024-03-02 08:40:00,55.0,57,2.0
2024-03-02 08:45:00,58.0,57,1.0
2024-03-02 08:50:00,57.0,57,0.0
2024-03-02 08:55:00,51.0,57,6.0
2024-03-02 09:00:00,48.0,12,36.0
2024-03-02 09:05:00,42.0,25,17.0
2024-03-02 09:10:00,47.0,34,13.0
2024-03-02 09:15:00,47.0,45,2.0
2024-03-02 09:20:00,39.0,46,7.0
2024-03-02 09:25:00,40.0,44,4.0
2024-03-02 09:30:00,37.0,43,6.0
2024-03-02 09:35:00,33.0,42,9.0
2024-03-02 09:40:00,30.0,41,11.0
2024-03-02 09:45:00,26.0,39,13.0
2024-03-02 09:50:00,23.0,38,15.0
2024-03-02 09:55:00,25.0,36,11.0
2024-03-02 10:00:00,24.0,35,11.0
2024-03-02 10:05:00,26.0,34,8.0
2024-03-02 10:10:00,19.0,34,15.0
2024-03-02 10:15:00,19.0,33,14.0
2024-03-02 10:20:00,19.0,32,13.0
2024-03-02 10:25:00,14.0,31,17.0
2024-03-02 10:30:00,14.0,30,16.0
2024-03-02 10:35:00,19.0,29,10.0
2024-03-02 10:40:00,21.0,29,8.0
2024-03-02 10:45:00,21.0,28,7.0
2024-03-02 10:50:00,20.0,28,8.0
2024-03-02 10:55:00,18.0,28,10.0
2024-03-02 11:00:00,18.0,27,9.0
2024-03-02 11:05:00,17.0,27,10.0
2024-03-02 11:10:00,17.0,26,9.0
2024-03-02 11:15:00,24.0,26,2.0
2024-03-02 11:20:00,23.0,26,3.0
2024-03-02 11:25:00,26.0,23,3.0
2024-03-02 11:30:00,25.0,26,1.0
2024-03-02 11:35:00,22.0,23,1.0
2024-03-02 11:40:00,22.0,25,3.0
2024-03-02 11:45:00,22.0,20,2.0
2024-03-02 11:50:00,25.0,22,3.0
2024-03-02 11:55:00,27.0,19,8.0
2024-03-02 12:00:00,26.0,23,3.0
2024-03-02 12:05:00,26.0,23,3.0
2024-03-02 12:10:00,24.0,23,1.0
2024-03-02 12:15:00,20.0,25,5.0
2024-03-02 12:20:00,24.0,24,0.0
2024-03-02 12:25:00,26.0,24,2.0
2024-03-02 12:30:00,27.0,24,3.0
2024-03-02 12:35:00,24.0,25,1.0
2024-03-02 12:40:00,26.0,25,1.0
2024-03-02 12:45:00,27.0,25,2.0
2024-03-02 12:50:00,27.0,25,2.0
2024-03-02 12:55:00,28.0,25,3.0
2024-03-02 13:00:00,29.0,25,4.0
2024-03-02 13:05:00,30.0,26,4.0
2024-03-02 13:10:00,31.0,26,5.0
2024-03-02 13:15:00,29.0,26,3.0
2024-03-02 13:20:00,28.0,26,2.0
2024-03-02 13:25:00,25.0,26,1.0
2024-03-02 13:30:00,24.0,26,2.0
2024-03-02 13:35:00,26.0,26,0.0
2024-03-02 13:40:00,23.0,26,3.0
2024-03-02 13:45:00,24.0,26,2.0
2024-03-02 13:50:00,22.0,26,4.0
2024-03-02 13:55:00,23.0,26,3.0
2024-03-02 14:00:00,25.0,26,1.0
2024-03-02 14:05:00,23.0,26,3.0
2024-03-02 14:10:00,24.0,26,2.0
2024-03-02 14:15:00,22.0,26,4.0
2024-03-02 14:20:00,23.0,23,0.0
2024-03-02 14:25:00,24.0,23,1.0
2024-03-02 14:30:00,24.0,25,1.0
2024-03-02 14:35:00,22.0,22,0.0
2024-03-02 14:40:00,21.0,22,1.0
2024-03-02 14:45:00,20.0,21,1.0
2024-03-02 14:50:00,23.0,16,7.0
2024-03-02 14:55:00,21.0,20,1.0
2024-03-02 15:00:00,18.0,22,4.0
2024-03-02 15:05:00,20.0,19,1.0
2024-03-02 15:10:00,19.0,20,1.0
2024-03-02 15:15:00,21.0,20,1.0
2024-03-02 15:20:00,17.0,20,3.0
2024-03-02 15:25:00,17.0,20,3.0
2024-03-02 15:30:00,17.0,20,3.0
2024-03-02 15:35:00,19.0,19,0.0
2024-03-02 15:40:00,21.0,19,2.0
2024-03-02 15:45:00,20.0,19,1.0
2024-03-02 15:50:00,14.0,20,6.0
2024-03-02 15:55:00,14.0,19,5.0
2024-03-02 16:00:00,19.0,19,0.0
2024-03-02 16:05:00,18.0,19,1.0
2024-03-02 16:10:00,18.0,19,1.0
2024-03-02 16:15:00,18.0,19,1.0
2024-03-02 16:20:00,18.0,19,1.0
2024-03-02 16:25:00,17.0,19,2.0
2024-03-02 16:30:00,19.0,19,0.0
2024-03-02 16:35:00,21.0,19,2.0
2024-03-02 16:40:00,20.0,19,1.0
2024-03-02 16:45:00,21.0,19,2.0
2024-03-02 16:50:00,23.0,19,4.0
2024-03-02 16:55:00,22.0,17,5.0
2024-03-02 17:00:00,17.0,19,2.0
2024-03-02 17:05:00,17.0,19,2.0
2024-03-02 17:10:00,20.0,19,1.0
2024-03-02 17:15:00,21.0,19,2.0
2024-03-02 17:20:00,21.0,19,2.0
2024-03-02 17:25:00,21.0,15,6.0
2024-03-02 17:30:00,20.0,16,4.0
2024-03-02 17:35:00,15.0,20,5.0
2024-03-02 17:40:00,16.0,17,1.0
2024-03-02 17:45:00,15.0,16,1.0
2024-03-02 17:50:00,14.0,15,1.0
2024-03-02 17:55:00,14.0,17,3.0
2024-03-02 18:00:00,17.0,16,1.0
2024-03-02 18:05:00,14.0,15,1.0
2024-03-02 18:10:00,12.0,16,4.0
2024-03-02 18:15:00,10.0,15,5.0
2024-03-02 18:20:00,12.0,15,3.0
2024-03-02 18:25:00,14.0,15,1.0
2024-03-02 18:30:00,14.0,15,1.0
2024-03-02 18:35:00,13.0,15,2.0
2024-03-02 18:40:00,12.0,15,3.0
2024-03-02 18:45:00,13.0,14,1.0
2024-03-02 18:50:00,13.0,14,1.0
2024-03-02 18:55:00,13.0,14,1.0
2024-03-02 19:00:00,12.0,14,2.0
2024-03-02 19:05:00,12.0,14,2.0
2024-03-02 19:10:00,12.0,14,2.0
2024-03-02 19:15:00,12.0,14,2.0
2024-03-02 19:20:00,10.0,14,4.0
2024-03-02 19:25:00,9.0,14,5.0
2024-03-02 19:30:00,7.0,14,7.0
2024-03-02 19:35:00,8.0,13,5.0
2024-03-02 19:40:00,9.0,13,4.0
2024-03-02 19:45:00,9.0,13,4.0
2024-03-02 19:50:00,10.0,13,3.0
2024-03-02 19:55:00,10.0,13,3.0
2024-03-02 20:00:00,9.0,13,4.0
2024-03-02 20:05:00,10.0,11,1.0
2024-03-02 20:10:00,10.0,12,2.0
2024-03-02 20:15:00,10.0,12,2.0
2024-03-02 20:20:00,10.0,12,2.0
2024-03-02 20:25:00,9.0,12,3.0
2024-03-02 20:30:00,10.0,12,2.0
2024-03-02 20:35:00,9.0,12,3.0
2024-03-02 20:40:00,8.0,12,4.0
2024-03-02 20:45:00,7.0,11,4.0
2024-03-02 20:50:00,6.0,11,5.0
2024-03-02 20:55:00,5.0,11,6.0
2024-03-02 21:00:00,5.0,11,6.0
2024-03-02 21:05:00,5.0,11,6.0
2024-03-02 21:10:00,5.0,11,6.0
2024-03-02 21:15:00,4.0,10,6.0
2024-03-02 21:20:00,3.0,10,7.0
2024-03-02 21:25:00,4.0,10,6.0
2024-03-02 21:30:00,3.0,10,7.0
2024-03-02 21:35:00,3.0,10,7.0
2024-03-02 21:40:00,3.0,10,7.0
2024-03-02 21:45:00,4.0,10,6.0
2024-03-02 21:50:00,3.0,9,6.0
2024-03-02 21:55:00,3.0,9,6.0
2024-03-02 22:00:00,3.0,9,6.0
2024-03-02 22:05:00,3.0,9,6.0
2024-03-02 22:10:00,2.0,9,7.0
2024-03-02 22:15:00,2.0,9,7.0
2024-03-02 22:20:00,2.0,9,7.0
2024-03-02 22:25:00,2.0,9,7.0
2024-03-02 22:30:00,2.0,8,6.0
2024-03-02 22:35:00,2.0,8,6.0
2024-03-02 22:40:00,2.0,8,6.0
2024-03-02 22:45:00,1.0,8,7.0
2024-03-02 22:50:00,1.0,8,7.0
2024-03-02 22:55:00,2.0,8,6.0
2024-03-02 23:00:00,2.0,8,6.0
2024-03-02 23:05:00,2.0,8,6.0
2024-03-02 23:10:00,2.0,8,6.0
2024-03-02 23:15:00,1.0,8,7.0
2024-03-02 23:20:00,1.0,7,6.0
2024-03-02 23:25:00,2.0,7,5.0
2024-03-02 23:30:00,2.0,7,5.0
2024-03-02 23:35:00,1.0,7,6.0
2024-03-02 23:40:00,1.0,7,6.0
2024-03-02 23:45:00,1.0,7,6.0
2024-03-02 23:50:00,1.0,7,6.0
2024-03-02 23:55:00,0.0,7,7.0
2024-03-03 00:00:00,0.0,0,0.0
2024-03-03 00:05:00,0.0,0,0.0
2024-03-03 00:10:00,0.0,0,0.0
2024-03-03 00:15:00,0.0,0,0.0
2024-03-03 00:20:00,0.0,0,0.0
2024-03-03 00:25:00,0.0,0,0.0
2024-03-03 00:30:00,0.0,0,0.0
2024-03-03 00:35:00,0.0,0,0.0
2024-03-03 00:40:00,0.0,0,0.0
2024-03-03 00:45:00,0.0,0,0.0
2024-03-03 00:50:00,0.0,0,0.0
2024-03-03 00:55:00,0.0,0,0.0
2024-03-03 05:00:00,0.0,0,0.0
2024-03-03 05:05:00,0.0,0,0.0
2024-03-03 05:10:00,0.0,0,0.0
2024-03-03 05:15:00,0.0,0,0.0
2024-03-03 05:20:00,0.0,0,0.0
2024-03-03 05:25:00,0.0,0,0.0
2024-03-03 05:30:00,0.0,0,0.0
2024-03-03 05:35:00,4.0,0,4.0
2024-03-03 05:40:00,4.0,0,4.0
2024-03-03 05:45:00,4.0,0,4.0
2024-03-03 05:50:00,6.0,1,5.0
2024-03-03 05:55:00,6.0,1,5.0
2024-03-03 06:00:00,9.0,1,8.0
2024-03-03 06:05:00,9.0,1,8.0
2024-03-03 06:10:00,11.0,2,9.0
2024-03-03 06:15:00,14.0,2,12.0
2024-03-03 06:20:00,14.0,2,12.0
2024-03-03 06:25:00,14.0,3,11.0
2024-03-03 06:30:00,14.0,3,11.0
2024-03-03 06:35:00,17.0,4,13.0
2024-03-03 06:40:00,17.0,6,11.0
2024-03-03 06:45:00,17.0,9,8.0
2024-03-03 06:50:00,17.0,10,7.0
2024-03-03 06:55:00,20.0,13,7.0
2024-03-03 07:00:00,18.0,15,3.0
2024-03-03 07:05:00,18.0,17,1.0
2024-03-03 07:10:00,24.0,17,7.0
2024-03-03 07:15:00,21.0,18,3.0
2024-03-03 07:20:00,24.0,18,6.0
2024-03-03 07:25:00,24.0,18,6.0
2024-03-03 07:30:00,24.0,21,3.0
2024-03-03 07:35:00,17.0,21,4.0
2024-03-03 07:40:00,21.0,21,0.0
2024-03-03 07:45:00,26.0,12,14.0
2024-03-03 07:50:00,27.0,14,13.0
2024-03-03 07:55:00,24.0,21,3.0
2024-03-03 08:00:00,23.0,25,2.0
2024-03-03 08:05:00,23.0,24,1.0
2024-03-03 08:10:00,20.0,24,4.0
2024-03-03 08:15:00,23.0,23,0.0
2024-03-03 08:20:00,22.0,23,1.0
2024-03-03 08:25:00,21.0,23,2.0
2024-03-03 08:30:00,21.0,23,2.0
2024-03-03 08:35:00,24.0,23,1.0
2024-03-03 08:40:00,21.0,23,2.0
2024-03-03 08:45:00,16.0,23,7.0
2024-03-03 08:50:00,15.0,22,7.0
2024-03-03 08:55:00,17.0,22,5.0
2024-03-03 09:00:00,18.0,21,3.0
2024-03-03 09:05:00,18.0,21,3.0
2024-03-03 09:10:00,13.0,21,8.0
2024-03-03 09:15:00,11.0,20,9.0
2024-03-03 09:20:00,13.0,20,7.0
2024-03-03 09:25:00,15.0,20,5.0
2024-03-03 09:30:00,16.0,19,3.0
2024-03-03 09:35:00,14.0,19,5.0
2024-03-03 09:40:00,13.0,19,6.0
2024-03-03 09:45:00,13.0,19,6.0
2024-03-03 09:50:00,11.0,18,7.0
2024-03-03 09:55:00,11.0,18,7.0
2024-03-03 10:00:00,14.0,16,2.0
2024-03-03 10:05:00,14.0,17,3.0
2024-03-03 10:10:00,18.0,17,1.0
2024-03-03 10:15:00,17.0,16,1.0
2024-03-03 10:20:00,18.0,17,1.0
2024-03-03 10:25:00,16.0,12,4.0
2024-03-03 10:30:00,15.0,15,0.0
2024-03-03 10:35:00,15.0,15,0.0
2024-03-03 10:40:00,19.0,14,5.0
2024-03-03 10:45:00,21.0,15,6.0
2024-03-03 10:50:00,20.0,15,5.0
2024-03-03 10:55:00,22.0,19,3.0
2024-03-03 11:00:00,20.0,19,1.0
2024-03-03 11:05:00,22.0,19,3.0
2024-03-03 11:10:00,19.0,20,1.0
2024-03-03 11:15:00,23.0,20,3.0
2024-03-03 11:20:00,20.0,20,0.0
2024-03-03 11:25:00,19.0,20,1.0
2024-03-03 11:30:00,22.0,20,2.0
2024-03-03 11:35:00,24.0,20,4.0
2024-03-03 11:40:00,21.0,20,1.0
2024-03-03 11:45:00,20.0,20,0.0
2024-03-03 11:50:00,21.0,20,1.0
2024-03-03 11:55:00,18.0,20,2.0
2024-03-03 12:00:00,20.0,20,0.0
2024-03-03 12:05:00,19.0,20,1.0
2024-03-03 12:10:00,21.0,20,1.0
2024-03-03 12:15:00,17.0,20,3.0
2024-03-03 12:20:00,18.0,20,2.0
2024-03-03 12:25:00,19.0,20,1.0
2024-03-03 12:30:00,18.0,20,2.0
2024-03-03 12:35:00,21.0,20,1.0
2024-03-03 12:40:00,19.0,20,1.0
2024-03-03 12:45:00,22.0,20,2.0
2024-03-03 12:50:00,20.0,20,0.0
2024-03-03 12:55:00,23.0,20,3.0
2024-03-03 13:00:00,20.0,16,4.0
2024-03-03 13:05:00,20.0,20,0.0
2024-03-03 13:10:00,20.0,20,0.0
2024-03-03 13:15:00,22.0,20,2.0
2024-03-03 13:20:00,22.0,16,6.0
2024-03-03 13:25:00,20.0,19,1.0
2024-03-03 13:30:00,19.0,18,1.0
2024-03-03 13:35:00,17.0,18,1.0
2024-03-03 13:40:00,19.0,13,6.0
2024-03-03 13:45:00,18.0,19,1.0
2024-03-03 13:50:00,22.0,19,3.0
2024-03-03 13:55:00,18.0,19,1.0
2024-03-03 14:00:00,19.0,19,0.0
2024-03-03 14:05:00,18.0,19,1.0
2024-03-03 14:10:00,15.0,19,4.0
2024-03-03 14:15:00,18.0,19,1.0
2024-03-03 14:20:00,16.0,19,3.0
2024-03-03 14:25:00,18.0,18,0.0
2024-03-03 14:30:00,22.0,18,4.0
2024-03-03 14:35:00,21.0,19,2.0
2024-03-03 14:40:00,18.0,19,1.0
2024-03-03 14:45:00,18.0,19,1.0
2024-03-03 14:50:00,17.0,19,2.0
2024-03-03 14:55:00,17.0,19,2.0
2024-03-03 15:00:00,18.0,18,0.0
2024-03-03 15:05:00,18.0,18,0.0
2024-03-03 15:10:00,22.0,18,4.0
2024-03-03 15:15:00,20.0,19,1.0
2024-03-03 15:20:00,23.0,19,4.0
2024-03-03 15:25:00,22.0,19,3.0
2024-03-03 15:30:00,18.0,19,1.0
2024-03-03 15:35:00,18.0,17,1.0
2024-03-03 15:40:00,19.0,19,0.0
2024-03-03 15:45:00,20.0,17,3.0
2024-03-03 15:50:00,17.0,19,2.0
2024-03-03 15:55:00,19.0,19,0.0
2024-03-03 16:00:00,21.0,19,2.0
2024-03-03 16:05:00,21.0,17,4.0
2024-03-03 16:10:00,18.0,15,3.0
2024-03-03 16:15:00,16.0,17,1.0
2024-03-03 16:20:00,13.0,16,3.0
2024-03-03 16:25:00,13.0,17,4.0
2024-03-03 16:30:00,16.0,15,1.0
2024-03-03 16:35:00,14.0,13,1.0
2024-03-03 16:40:00,13.0,15,2.0
2024-03-03 16:45:00,14.0,15,1.0
2024-03-03 16:50:00,14.0,15,1.0
2024-03-03 16:55:00,14.0,15,1.0
2024-03-03 17:00:00,11.0,15,4.0
2024-03-03 17:05:00,11.0,14,3.0
2024-03-03 17:10:00,10.0,14,4.0
2024-03-03 17:15:00,11.0,14,3.0
2024-03-03 17:20:00,11.0,14,3.0
2024-03-03 17:25:00,11.0,13,2.0
2024-03-03 17:30:00,9.0,13,4.0
2024-03-03 17:35:00,11.0,13,2.0
2024-03-03 17:40:00,12.0,13,1.0
2024-03-03 17:45:00,10.0,13,3.0
2024-03-03 17:50:00,9.0,13,4.0
2024-03-03 17:55:00,9.0,13,4.0
2024-03-03 18:00:00,9.0,12,3.0
2024-03-03 18:05:00,10.0,12,2.0
2024-03-03 18:10:00,11.0,12,1.0
2024-03-03 18:15:00,10.0,12,2.0
2024-03-03 18:20:00,10.0,12,2.0
2024-03-03 18:25:00,12.0,12,0.0
2024-03-03 18:30:00,13.0,12,1.0
2024-03-03 18:35:00,11.0,12,1.0
2024-03-03 18:40:00,12.0,12,0.0
2024-03-03 18:45:00,13.0,12,1.0
2024-03-03 18:50:00,14.0,11,3.0
2024-03-03 18:55:00,13.0,12,1.0
2024-03-03 19:00:00,12.0,12,0.0
2024-03-03 19:05:00,11.0,12,1.0
2024-03-03 19:10:00,14.0,12,2.0
2024-03-03 19:15:00,14.0,12,2.0
2024-03-03 19:20:00,14.0,12,2.0
2024-03-03 19:25:00,12.0,12,0.0
2024-03-03 19:30:00,11.0,12,1.0
2024-03-03 19:35:00,11.0,12,1.0
2024-03-03 19:40:00,11.0,12,1.0
2024-03-03 19:45:00,10.0,12,2.0
2024-03-03 19:50:00,9.0,12,3.0
2024-03-03 19:55:00,9.0,12,3.0
2024-03-03 20:00:00,10.0,12,2.0
2024-03-03 20:05:00,10.0,12,2.0
2024-03-03 20:10:00,5.0,12,7.0
2024-03-03 20:15:00,5.0,12,7.0
2024-03-03 20:20:00,6.0,11,5.0
2024-03-03 20:25:00,5.0,11,6.0
2024-03-03 20:30:00,5.0,11,6.0
2024-03-03 20:35:00,4.0,11,7.0
2024-03-03 20:40:00,3.0,11,8.0
2024-03-03 20:45:00,3.0,11,8.0
2024-03-03 20:50:00,3.0,11,8.0
2024-03-03 20:55:00,3.0,10,7.0
2024-03-03 21:00:00,3.0,10,7.0
2024-03-03 21:05:00,3.0,10,7.0
2024-03-03 21:10:00,1.0,10,9.0
2024-03-03 21:15:00,2.0,10,8.0
2024-03-03 21:20:00,1.0,10,9.0
2024-03-03 21:25:00,2.0,10,8.0
2024-03-03 21:30:00,2.0,10,8.0
2024-03-03 21:35:00,1.0,9,8.0
2024-03-03 21:40:00,1.0,9,8.0
2024-03-03 21:45:00,1.0,9,8.0
2024-03-03 21:50:00,1.0,9,8.0
2024-03-03 21:55:00,1.0,9,8.0
2024-03-03 22:00:00,1.0,9,8.0
2024-03-03 22:05:00,1.0,9,8.0
2024-03-03 22:10:00,1.0,9,8.0
2024-03-03 22:15:00,2.0,8,6.0
2024-03-03 22:20:00,2.0,8,6.0
2024-03-03 22:25:00,2.0,8,6.0
2024-03-03 22:30:00,1.0,8,7.0
2024-03-03 22:35:00,1.0,8,7.0
2024-03-03 22:40:00,1.0,8,7.0
2024-03-03 22:45:00,1.0,8,7.0
2024-03-03 22:50:00,1.0,8,7.0
2024-03-03 22:55:00,2.0,8,6.0
2024-03-03 23:00:00,1.0,8,7.0
2024-03-03 23:05:00,1.0,8,7.0
2024-03-03 23:10:00,1.0,7,6.0
2024-03-03 23:15:00,1.0,7,6.0
2024-03-03 23:20:00,1.0,7,6.0
2024-03-03 23:25:00,1.0,7,6.0
2024-03-03 23:30:00,1.0,7,6.0
2024-03-03 23:35:00,1.0,7,6.0
2024-03-03 23:40:00,0.0,7,7.0
2024-03-03 23:45:00,0.0,7,7.0
2024-03-03 23:50:00,0.0,7,7.0
2024-03-03 23:55:00,0.0,7,7.0
2024-03-04 00:00:00,0.0,0,0.0
2024-03-04 00:05:00,0.0,0,0.0
2024-03-04 00:10:00,0.0,0,0.0
2024-03-04 00:15:00,0.0,0,0.0
2024-03-04 00:20:00,0.0,0,0.0
2024-03-04 00:25:00,0.0,0,0.0
2024-03-04 00:30:00,0.0,0,0.0
2024-03-04 00:35:00,0.0,0,0.0
2024-03-04 00:40:00,0.0,0,0.0
2024-03-04 00:45:00,0.0,0,0.0
2024-03-04 00:50:00,0.0,0,0.0
2024-03-04 00:55:00,0.0,0,0.0
2024-03-04 05:00:00,0.0,0,0.0
2024-03-04 05:05:00,0.0,0,0.0
2024-03-04 05:10:00,3.0,0,3.0
2024-03-04 05:15:00,4.0,0,4.0
2024-03-04 05:20:00,9.0,0,9.0
2024-03-04 05:25:00,11.0,1,10.0
2024-03-04 05:30:00,11.0,1,10.0
2024-03-04 05:35:00,12.0,2,10.0
2024-03-04 05:40:00,16.0,2,14.0
2024-03-04 05:45:00,26.0,3,23.0
2024-03-04 05:50:00,33.0,4,29.0
2024-03-04 05:55:00,42.0,5,37.0
2024-03-04 06:00:00,43.0,7,36.0
2024-03-04 06:05:00,47.0,9,38.0
2024-03-04 06:10:00,59.0,10,49.0
2024-03-04 06:15:00,60.0,12,48.0
2024-03-04 06:20:00,64.0,13,51.0
2024-03-04 06:25:00,70.0,15,55.0
2024-03-04 06:30:00,74.0,17,57.0
2024-03-04 06:35:00,78.0,15,63.0
2024-03-04 06:40:00,82.0,30,52.0
2024-03-04 06:45:00,80.0,38,42.0
2024-03-04 06:50:00,88.0,44,44.0
2024-03-04 06:55:00,84.0,47,37.0
2024-03-04 07:00:00,83.0,67,16.0
2024-03-04 07:05:00,92.0,83,9.0
2024-03-04 07:10:00,79.0,86,7.0
2024-03-04 07:15:00,90.0,84,6.0
2024-03-04 07:20:00,92.0,85,7.0
2024-03-04 07:25:00,93.0,86,7.0
2024-03-04 07:30:00,89.0,87,2.0
2024-03-04 07:35:00,92.0,87,5.0
2024-03-04 07:40:00,96.0,88,8.0
2024-03-04 07:45:00,92.0,89,3.0
2024-03-04 07:50:00,88.0,89,1.0
2024-03-04 07:55:00,87.0,89,2.0
2024-03-04 08:00:00,96.0,89,7.0
2024-03-04 08:05:00,94.0,89,5.0
2024-03-04 08:10:00,95.0,89,6.0
2024-03-04 08:15:00,95.0,90,5.0
2024-03-04 08:20:00,91.0,90,1.0
2024-03-04 08:25:00,84.0,90,6.0
2024-03-04 08:30:00,92.0,90,2.0
2024-03-04 08:35:00,93.0,90,3.0
2024-03-04 08:40:00,96.0,90,6.0
2024-03-04 08:45:00,92.0,90,2.0
2024-03-04 08:50:00,94.0,90,4.0
2024-03-04 08:55:00,90.0,91,1.0
2024-03-04 09:00:00,85.0,9,76.0
2024-03-04 09:05:00,79.0,51,28.0
2024-03-04 09:10:00,75.0,64,11.0
2024-03-04 09:15:00,66.0,46,20.0
2024-03-04 09:20:00,73.0,70,3.0
2024-03-04 09:25:00,73.0,72,1.0
2024-03-04 09:30:00,65.0,72,7.0
2024-03-04 09:35:00,62.0,71,9.0
2024-03-04 09:40:00,53.0,70,17.0
2024-03-04 09:45:00,57.0,67,10.0
2024-03-04 09:50:00,51.0,66,15.0
2024-03-04 09:55:00,53.0,64,11.0
2024-03-04 10:00:00,52.0,63,11.0
2024-03-04 10:05:00,49.0,61,12.0
2024-03-04 10:10:00,50.0,60,10.0
2024-03-04 10:15:00,52.0,60,8.0
2024-03-04 10:20:00,43.0,59,16.0
2024-03-04 10:25:00,41.0,58,17.0
2024-03-04 10:30:00,41.0,57,16.0
2024-03-04 10:35:00,39.0,56,17.0
2024-03-04 10:40:00,36.0,55,19.0
2024-03-04 10:45:00,34.0,54,20.0
2024-03-04 10:50:00,29.0,53,24.0
2024-03-04 10:55:00,28.0,52,24.0
2024-03-04 11:00:00,28.0,51,23.0
2024-03-04 11:05:00,27.0,50,23.0
2024-03-04 11:10:00,29.0,49,20.0
2024-03-04 11:15:00,26.0,48,22.0
2024-03-04 11:20:00,25.0,47,22.0
2024-03-04 11:25:00,27.0,47,20.0
2024-03-04 11:30:00,27.0,46,19.0
2024-03-04 11:35:00,25.0,45,20.0
2024-03-04 11:40:00,24.0,44,20.0
2024-03-04 11:45:00,26.0,39,13.0
2024-03-04 11:50:00,24.0,33,9.0
2024-03-04 11:55:00,25.0,29,4.0
2024-03-04 12:00:00,26.0,29,3.0
2024-03-04 12:05:00,25.0,28,3.0
2024-03-04 12:10:00,25.0,18,7.0
2024-03-04 12:15:00,28.0,25,3.0
2024-03-04 12:20:00,25.0,26,1.0
2024-03-04 12:25:00,27.0,26,1.0
2024-03-04 12:30:00,27.0,26,1.0
2024-03-04 12:35:00,26.0,26,0.0
2024-03-04 12:40:00,26.0,26,0.0
2024-03-04 12:45:00,23.0,26,3.0
2024-03-04 12:50:00,30.0,26,4.0
2024-03-04 12:55:00,31.0,26,5.0
2024-03-04 13:00:00,32.0,26,6.0
2024-03-04 13:05:00,35.0,27,8.0
2024-03-04 13:10:00,35.0,27,8.0
2024-03-04 13:15:00,33.0,28,5.0
2024-03-04 13:20:00,35.0,28,7.0
2024-03-04 13:25:00,30.0,29,1.0
2024-03-04 13:30:00,37.0,29,8.0
2024-03-04 13:35:00,39.0,29,10.0
2024-03-04 13:40:00,41.0,30,11.0
2024-03-04 13:45:00,44.0,30,14.0
2024-03-04 13:50:00,38.0,31,7.0
2024-03-04 13:55:00,34.0,31,3.0
2024-03-04 14:00:00,36.0,31,5.0
2024-03-04 14:05:00,38.0,32,6.0
2024-03-04 14:10:00,38.0,32,6.0
2024-03-04 14:15:00,39.0,32,7.0
2024-03-04 14:20:00,39.0,32,7.0
2024-03-04 14:25:00,42.0,33,9.0
2024-03-04 14:30:00,35.0,33,2.0
2024-03-04 14:35:00,32.0,26,6.0
2024-03-04 14:40:00,33.0,26,7.0
2024-03-04 14:45:00,33.0,33,0.0
2024-03-04 14:50:00,34.0,26,8.0
2024-03-04 14:55:00,35.0,33,2.0
2024-03-04 15:00:00,31.0,30,1.0
2024-03-04 15:05:00,26.0,26,0.0
2024-03-04 15:10:00,27.0,27,0.0
2024-03-04 15:15:00,23.0,30,7.0
2024-03-04 15:20:00,24.0,28,4.0
2024-03-04 15:25:00,25.0,28,3.0
2024-03-04 15:30:00,27.0,28,1.0
2024-03-04 15:35:00,28.0,28,0.0
2024-03-04 15:40:00,25.0,28,3.0
2024-03-04 15:45:00,22.0,27,5.0
2024-03-04 15:50:00,22.0,27,5.0
2024-03-04 15:55:00,25.0,27,2.0
2024-03-04 16:00:00,23.0,27,4.0
2024-03-04 16:05:00,24.0,26,2.0
2024-03-04 16:10:00,22.0,26,4.0
2024-03-04 16:15:00,25.0,26,1.0
2024-03-04 16:20:00,26.0,26,0.0
2024-03-04 16:25:00,22.0,26,4.0
2024-03-04 16:30:00,21.0,26,5.0
2024-03-04 16:35:00,22.0,25,3.0
2024-03-04 16:40:00,23.0,25,2.0
2024-03-04 16:45:00,24.0,25,1.0
2024-03-04 16:50:00,25.0,25,0.0
2024-03-04 16:55:00,26.0,25,1.0
2024-03-04 17:00:00,27.0,25,2.0
2024-03-04 17:05:00,26.0,25,1.0
2024-03-04 17:10:00,30.0,25,5.0
2024-03-04 17:15:00,30.0,25,5.0
2024-03-04 17:20:00,27.0,23,4.0
2024-03-04 17:25:00,34.0,26,8.0
2024-03-04 17:30:00,34.0,26,8.0
2024-03-04 17:35:00,37.0,22,15.0
2024-03-04 17:40:00,39.0,24,15.0
2024-03-04 17:45:00,42.0,24,18.0
2024-03-04 17:50:00,39.0,37,2.0
2024-03-04 17:55:00,35.0,34,1.0
2024-03-04 18:00:00,39.0,37,2.0
2024-03-04 18:05:00,40.0,37,3.0
2024-03-04 18:10:00,40.0,34,6.0
2024-03-04 18:15:00,39.0,39,0.0
2024-03-04 18:20:00,43.0,39,4.0
2024-03-04 18:25:00,39.0,39,0.0
2024-03-04 18:30:00,43.0,39,4.0
2024-03-04 18:35:00,44.0,40,4.0
2024-03-04 18:40:00,39.0,40,1.0
2024-03-04 18:45:00,37.0,40,3.0
2024-03-04 18:50:00,40.0,40,0.0
2024-03-04 18:55:00,44.0,40,4.0
2024-03-04 19:00:00,39.0,40,1.0
2024-03-04 19:05:00,42.0,40,2.0
2024-03-04 19:10:00,39.0,40,1.0
2024-03-04 19:15:00,38.0,40,2.0
2024-03-04 19:20:00,35.0,40,5.0
2024-03-04 19:25:00,33.0,40,7.0
2024-03-04 19:30:00,28.0,39,11.0
2024-03-04 19:35:00,25.0,39,14.0
2024-03-04 19:40:00,25.0,38,13.0
2024-03-04 19:45:00,27.0,27,0.0
2024-03-04 19:50:00,25.0,27,2.0
2024-03-04 19:55:00,22.0,20,2.0
2024-03-04 20:00:00,24.0,22,2.0
2024-03-04 20:05:00,19.0,25,6.0
2024-03-04 20:10:00,17.0,24,7.0
2024-03-04 20:15:00,18.0,23,5.0
2024-03-04 20:20:00,17.0,22,5.0
2024-03-04 20:25:00,16.0,22,6.0
2024-03-04 20:30:00,14.0,21,7.0
2024-03-04 20:35:00,14.0,21,7.0
2024-03-04 20:40:00,14.0,20,6.0
2024-03-04 20:45:00,12.0,20,8.0
2024-03-04 20:50:00,10.0,19,9.0
2024-03-04 20:55:00,9.0,19,10.0
2024-03-04 21:00:00,8.0,18,10.0
2024-03-04 21:05:00,9.0,17,8.0
2024-03-04 21:10:00,9.0,17,8.0
2024-03-04 21:15:00,8.0,16,8.0
2024-03-04 21:20:00,8.0,16,8.0
2024-03-04 21:25:00,9.0,16,7.0
2024-03-04 21:30:00,7.0,15,8.0
2024-03-04 21:35:00,6.0,15,9.0
2024-03-04 21:40:00,7.0,15,8.0
2024-03-04 21:45:00,6.0,15,9.0
2024-03-04 21:50:00,12.0,14,2.0
2024-03-04 21:55:00,11.0,14,3.0
2024-03-04 22:00:00,11.0,14,3.0
2024-03-04 22:05:00,11.0,14,3.0
2024-03-04 22:10:00,10.0,13,3.0
2024-03-04 22:15:00,10.0,14,4.0
2024-03-04 22:20:00,10.0,12,2.0
2024-03-04 22:25:00,10.0,12,2.0
2024-03-04 22:30:00,10.0,13,3.0
2024-03-04 22:35:00,10.0,9,1.0
2024-03-04 22:40:00,10.0,12,2.0
2024-03-04 22:45:00,9.0,11,2.0
2024-03-04 22:50:00,3.0,9,6.0
2024-03-04 22:55:00,3.0,8,5.0
2024-03-04 23:00:00,3.0,8,5.0
2024-03-04 23:05:00,4.0,7,3.0
2024-03-04 23:10:00,3.0,7,4.0
2024-03-04 23:15:00,3.0,7,4.0
2024-03-04 23:20:00,2.0,7,5.0
2024-03-04 23:25:00,2.0,6,4.0
2024-03-04 23:30:00,2.0,6,4.0
2024-03-04 23:35:00,2.0,6,4.0
2024-03-04 23:40:00,1.0,6,5.0
2024-03-04 23:45:00,1.0,6,5.0
2024-03-04 23:50:00,1.0,5,4.0
2024-03-04 23:55:00,1.0,5,4.0
2024-03-05 00:00:00,1.0,0,1.0
2024-03-05 00:05:00,0.0,1,1.0
2024-03-05 00:10:00,0.0,1,1.0
2024-03-05 00:15:00,0.0,0,0.0
2024-03-05 00:20:00,0.0,0,0.0
2024-03-05 00:25:00,0.0,0,0.0
2024-03-05 00:30:00,0.0,0,0.0
2024-03-05 00:35:00,0.0,0,0.0
2024-03-05 00:40:00,0.0,0,0.0
2024-03-05 00:45:00,0.0,0,0.0
2024-03-05 00:50:00,0.0,0,0.0
2024-03-05 00:55:00,0.0,0,0.0
2024-03-05 05:00:00,0.0,0,0.0
2024-03-05 05:05:00,0.0,0,0.0
2024-03-05 05:10:00,3.0,0,3.0
2024-03-05 05:15:00,5.0,0,5.0
2024-03-05 05:20:00,10.0,1,9.0
2024-03-05 05:25:00,13.0,1,12.0
2024-03-05 05:30:00,13.0,2,11.0
2024-03-05 05:35:00,17.0,2,15.0
2024-03-05 05:40:00,23.0,3,20.0
2024-03-05 05:45:00,27.0,4,23.0
2024-03-05 05:50:00,32.0,5,27.0
2024-03-05 05:55:00,41.0,6,35.0
2024-03-05 06:00:00,46.0,8,38.0
2024-03-05 06:05:00,52.0,9,43.0
2024-03-05 06:10:00,61.0,10,51.0
2024-03-05 06:15:00,73.0,12,61.0
2024-03-05 06:20:00,72.0,14,58.0
2024-03-05 06:25:00,78.0,17,61.0
2024-03-05 06:30:00,83.0,19,64.0
2024-03-05 06:35:00,88.0,20,68.0
2024-03-05 06:40:00,89.0,23,66.0
2024-03-05 06:45:00,104.0,25,79.0
2024-03-05 06:50:00,104.0,27,77.0
2024-03-05 06:55:00,95.0,29,66.0
2024-03-05 07:00:00,93.0,31,62.0
2024-03-05 07:05:00,97.0,32,65.0
2024-03-05 07:10:00,97.0,34,63.0
2024-03-05 07:15:00,89.0,36,53.0
2024-03-05 07:20:00,107.0,33,74.0
2024-03-05 07:25:00,101.0,46,55.0
2024-03-05 07:30:00,99.0,47,52.0
2024-03-05 07:35:00,100.0,48,52.0
2024-03-05 07:40:00,98.0,49,49.0
2024-03-05 07:45:00,84.0,36,48.0
2024-03-05 07:50:00,92.0,43,49.0
2024-03-05 07:55:00,94.0,59,35.0
2024-03-05 08:00:00,101.0,83,18.0
2024-03-05 08:05:00,102.0,96,6.0
2024-03-05 08:10:00,92.0,98,6.0
2024-03-05 08:15:00,89.0,96,7.0
